admin-alerts.js	176	if(confirm("Tắt Web Push trên thiết bị này?"))await unsubscribe();
admin-community-center.js	604	if(dangerous && !confirm("Xác nhận thao tác kiểm duyệt này?"))return;
admin-community-center.js	692	const ok=confirm(revoked
admin-grader.js	172	const ok=confirm(approve
admin-grader.js	272	const ok=confirm(`Cho ${name} làm lại bài này?\n\nKết quả hiện tại sẽ bị xóa khỏi hệ thống và tài khoản được nộp lại 1 lần.`);
admin-professional-track.js	186	if(!confirm(`Xóa đáp án ẩn của ${key}? Bài nộp sau đó sẽ chuyển sang hàng chờ Admin cho tới khi có đáp án mới.`))return;
admin-professional-track.js	295	async function reviewApplication(card,status){const sb=await client();if(!sb)return;const note=prompt(status==="approved"?"Ghi chú phê duyệt (có thể để trống):":"Nhập nội dung học viên cần bổ sung:");if(note===null)return;if(status==="rejected"&&!note.trim())return alert("Hãy nhập lý do cần bổ sung.");const {error}=await sb.rpc("admin_professional_track_review_v1",{p_application_id:card.dataset.app,p_status:status,p_admin_note:note.trim()||null});if(error)return alert("Chưa cập nhật được: "+error.message);await loadApplications(sb);await refreshCounts(sb)}
admin-tiktok.js	9	function closeEditor(force=false){if(busy&&!force)return false;if(dirty&&!force&&!confirm('Bỏ các thay đổi chưa lưu?'))return false;$('attTopicForm').hidden=true;$('attLessonForm').hidden=true;dirty=false;return true}
admin-tiktok.js	71	if(!confirm(published?'Phát hành bài TikTok này?':'Đưa bài về nháp và ẩn khỏi trang TikTok?'))return;
admin-tiktok.js	77	if(!confirm(`Xóa ${kind==='topic'?'chủ đề':'bài'} “${row.title}”?`))return;
admin-tools.js	21	async function del(id){const row=tools.find(x=>x.id===id);if(!row||!confirm(`Xóa Tool “${row.name}”?`))return;try{const path=await rpc('admin_tool_delete_v1',{p_id:id});if(path){const sb=await client();await sb.storage.from(BUCKET).remove([path])}await load(true);note('Đã xóa Tool.')}catch(e){note('Chưa xóa được Tool.')}}
admin-tools.js	23	async function renameIdea(id){const row=ideas.find(x=>x.id===id);if(!row)return;const title=prompt('Đổi tên ý tưởng Tool:',row.title);if(title===null)return;const clean=title.trim();if(clean.length<5||clean.length>140){note('Tên ý tưởng cần từ 5–140 ký tự.');return}try{await rpc('admin_tool_idea_rename_v1',{p_id:id,p_title:clean});await load(true);note('Đã đổi tên ý tưởng.')}catch(e){note(String(e?.message||'').includes('duplicate_idea')?'Đã có một ý tưởng khác cùng tên. Hãy dùng Gộp để cộng dồn lượt.':'Chưa đổi tên được ý tưởng.')}}
admin-tools.js	26	async function mergeInto(targetId){const source=ideas.find(x=>x.id===mergeSource),target=ideas.find(x=>x.id===targetId);if(!source||!target||source.id===target.id)return;if(!confirm(`Gộp “${source.title}” vào “${target.title}”? Ý tưởng nguồn sẽ bị xóa và lượt nhu cầu được cộng dồn.`))return;try{const total=await rpc('admin_tool_idea_merge_v1',{p_source_id:source.id,p_target_id:target.id});mergeSource=null;await load(true);note(`Đã gộp ý tưởng. Chủ đề đích hiện có ${Number(total)||0} lượt nhu cầu.`)}catch(e){note('Chưa gộp được ý tưởng.')}}
admin-youtube-projects.js	148	$("aytParts")?.addEventListener("click",e=>{const b=e.target.closest("[data-ayt-remove-part]");if(!b||!editing)return;if(!confirm("Bỏ phần này khỏi project? Thay đổi chỉ có hiệu lực sau khi bấm Lưu."))return;editing.parts.splice(Number(b.dataset.aytRemovePart),1);renderParts()});
admin-youtube-projects.js	149	$("aytResources")?.addEventListener("click",e=>{const b=e.target.closest("[data-ayt-remove-resource]");if(!b||!editing)return;if(!confirm("Bỏ tài nguyên này khỏi project? Thay đổi chỉ có hiệu lực sau khi bấm Lưu."))return;editing.resources.splice(Number(b.dataset.aytRemoveResource),1);renderResources()});
admin-youtube-projects.js	150	$("aytProjectList")?.addEventListener("click",async e=>{const b=e.target.closest("[data-ayt-act]"),row=b&&rows.find(x=>String(x.id)===b.closest("[data-ayt-id]")?.dataset.aytId);if(!b||!row)return;const act=b.dataset.aytAct;if(act==="edit")return openEditor(row);if(act==="toggle"){b.disabled=true;try{await rpc("admin_youtube_project_set_active",{p_id:row.id,p_active:!row.is_active});toast(row.is_active?"Đã ẩn project":"Đã hiện project");await load()}catch(err){toast("Không đổi được trạng thái");b.disabled=false}}if(act==="archive"){if(!confirm("Lưu trữ project này? Project sẽ biến khỏi trang YouTube nhưng dữ liệu vẫn được giữ."))return;b.disabled=true;try{await rpc("admin_youtube_project_archive",{p_id:row.id});toast("Đã lưu trữ project");await load()}catch(err){toast("Không lưu trữ được");b.disabled=false}}});
admin.js	103	{ const okFile = window.avpConfirm ? await window.avpConfirm("Phiếu gửi file này sẽ bị xóa khỏi danh sách admin.", { title: "Xóa phiếu file?", icon: "📎", tone: "danger", ok: "Xóa", cancel: "Hủy" }) : confirm("Xóa phiếu file này?"); if(!okFile) return; }
admin.js	130	{ const okMail = window.avpConfirm ? await window.avpConfirm("Xóa thư / góp ý của " + who + "?\nKhông hoàn tác được.", { title: "Xóa thư?", icon: "✉️", tone: "danger", ok: "Xóa", cancel: "Hủy" }) : confirm("Xóa thư này của "+who+"?"); if(!okMail) return; }
admin.js	319	if(!confirm(`Reset điểm Race của ${row.player_name}?`))return;
admin.js	323	if(!confirm(`Xoá ${row.player_name} khỏi BXH Race? Tài khoản (nếu có) vẫn giữ nguyên.`))return;
admin.js	327	const name=prompt("Tên mới trên BXH:",row.player_name||""); if(name===null)return;
admin.js	410	if(!confirm(`${hidden?'Hiện':'Ẩn'} ${who} ${hidden?'trên':'khỏi'} BXH?`))return;
admin.js	413	if(!confirm(`Reset toàn bộ vote có liên kết tài khoản của ${who}?`))return;
admin.js	417	if(!confirm(`RESET TIẾN ĐỘ của ${who}? XP/BXH cloud sẽ được xóa. Thao tác này không nên dùng nếu không chắc.`))return;
admin.js	421	if(!confirm(`${isAdm?'Bỏ':'Cấp'} quyền Admin cho ${who}?`))return;
admin.js	608	if(confirm("Tắt chế độ bảo trì và mở lại website cho mọi người?")){
admin.js	833	if(!confirm("Xoá vote này khỏi Supabase?"))return;
admin.js	887	if(act==="copy"){const link=row.file_url||row.source_path;try{await navigator.clipboard.writeText(link);toast("Đã copy link")}catch(_){prompt("Copy link:",link)}return}
admin.js	889	if(act==="delete"){if(!confirm("Xoá tài nguyên khỏi hệ thống quản lý? File vật lý không tự bị xoá."))return;b.disabled=true;try{await rpc("admin_download_delete",{p_id:id});toast("Đã xoá tài nguyên");await loadAdminDownloads()}catch(err){toast("Không xoá được");b.disabled=false}}
ai-chat.js	328	const raw=prompt(
ai-chat.js	352	const detail=prompt("Mô tả thêm (không bắt buộc):") || null;
ai-chat.js	1495	const code=prompt("Nhập mã xác minh chứng nhận:");
dashboard.js	225	const ok=confirm(
focus-room.js	305	if(confirm("Xóa toàn bộ lịch sử Focus Room trên thiết bị này?")){
playground.js	28	document.addEventListener("DOMContentLoaded",()=>{pgRender();pgUpdateHeader();document.querySelectorAll(".pg-filter").forEach(btn=>btn.addEventListener("click",()=>{document.querySelectorAll(".pg-filter").forEach(b=>b.classList.remove("active"));btn.classList.add("active");pgRender(btn.dataset.filter)}));document.getElementById("resetPlayground").addEventListener("click",()=>{if(confirm("Xóa tiến độ 10 bài Excel Playground trên trình duyệt này?")){pgProgress={};pgSave();pgRender(document.querySelector(".pg-filter.active").dataset.filter);pgUpdateHeader()}})});
script.js	794	confirm("Bạn có chắc muốn đặt lại toàn bộ tiến độ học không?");
script.js	2976	confirm(